{
  "video_info": {
    "total_frames": 3861,
    "plane_dimensions": [
      800,
      400
    ]
  },
  "table_structure_2d": {
    "table": {
      "box": [
        50.0,
        50.0,
        750.0,
        350.0
      ],
      "center": [
        400.0,
        200.0
      ],
      "corners": [
        [
          50.0,
          50.0
        ],
        [
          750.0,
          50.0
        ],
        [
          750.0,
          350.0
        ],
        [
          50.0,
          350.0
        ]
      ],
      "confidence": 0.8790386915206909
    },
    "holes": [
      {
        "box": [
          675.4291381835938,
          308.23333740234375,
          711.4904174804688,
          330.5879821777344
        ],
        "center": [
          693.4597778320312,
          319.41064453125
        ],
        "corners": [
          [
            675.4291381835938,
            308.23333740234375
          ],
          [
            711.4904174804688,
            308.23333740234375
          ],
          [
            711.4904174804688,
            330.5879821777344
          ],
          [
            675.4291381835938,
            330.5879821777344
          ]
        ],
        "confidence": 0.39116373658180237
      },
      {
        "box": [
          53.80345916748047,
          68.07025909423828,
          91.47757720947266,
          93.71287536621094
        ],
        "center": [
          72.64051818847656,
          80.89157104492188
        ],
        "corners": [
          [
            53.80345916748047,
            68.07025909423828
          ],
          [
            91.47757720947266,
            68.07025909423828
          ],
          [
            91.47757720947266,
            93.71287536621094
          ],
          [
            53.80345916748047,
            93.71287536621094
          ]
        ],
        "confidence": 0.3028140366077423
      },
      {
        "box": [
          371.03125,
          312.54412841796875,
          399.2931823730469,
          338.80267333984375
        ],
        "center": [
          385.1622314453125,
          325.67340087890625
        ],
        "corners": [
          [
            371.03125,
            312.54412841796875
          ],
          [
            399.2931823730469,
            312.54412841796875
          ],
          [
            399.2931823730469,
            338.80267333984375
          ],
          [
            371.03125,
            338.80267333984375
          ]
        ],
        "confidence": 0.2831939458847046
      }
    ],
    "sides": [
      {
        "box": [
          404.82763671875,
          314.37646484375,
          676.6569213867188,
          329.296142578125
        ],
        "center": [
          540.7422485351562,
          321.8363037109375
        ],
        "corners": [
          [
            404.82763671875,
            314.37646484375
          ],
          [
            676.6569213867188,
            314.37646484375
          ],
          [
            676.6569213867188,
            329.296142578125
          ],
          [
            404.82763671875,
            329.296142578125
          ]
        ],
        "confidence": 0.7200590968132019
      },
      {
        "box": [
          149.98631286621094,
          314.68768310546875,
          368.1436462402344,
          330.31439208984375
        ],
        "center": [
          259.0649719238281,
          322.50103759765625
        ],
        "corners": [
          [
            149.98631286621094,
            314.68768310546875
          ],
          [
            368.1436462402344,
            314.68768310546875
          ],
          [
            368.1436462402344,
            330.31439208984375
          ],
          [
            149.98631286621094,
            330.31439208984375
          ]
        ],
        "confidence": 0.6974471211433411
      },
      {
        "box": [
          405.40960693359375,
          73.062744140625,
          677.3152465820312,
          89.23094177246094
        ],
        "center": [
          541.3624267578125,
          81.14684295654297
        ],
        "corners": [
          [
            405.40960693359375,
            73.062744140625
          ],
          [
            677.3152465820312,
            73.062744140625
          ],
          [
            677.3152465820312,
            89.23094177246094
          ],
          [
            405.40960693359375,
            89.23094177246094
          ]
        ],
        "confidence": 0.6786381602287292
      },
      {
        "box": [
          68.45741271972656,
          88.95276641845703,
          86.81910705566406,
          303.8854675292969
        ],
        "center": [
          77.63825988769531,
          196.41912841796875
        ],
        "corners": [
          [
            68.45741271972656,
            88.95276641845703
          ],
          [
            86.81910705566406,
            88.95276641845703
          ],
          [
            86.81910705566406,
            303.8854675292969
          ],
          [
            68.45741271972656,
            303.8854675292969
          ]
        ],
        "confidence": 0.6116710901260376
      },
      {
        "box": [
          95.53612518310547,
          73.84767150878906,
          361.9922790527344,
          89.69940948486328
        ],
        "center": [
          228.76419067382812,
          81.77354431152344
        ],
        "corners": [
          [
            95.53612518310547,
            73.84767150878906
          ],
          [
            361.9922790527344,
            73.84767150878906
          ],
          [
            361.9922790527344,
            89.69940948486328
          ],
          [
            95.53612518310547,
            89.69940948486328
          ]
        ],
        "confidence": 0.610715925693512
      },
      {
        "box": [
          683.0389404296875,
          91.02526092529297,
          707.1206665039062,
          307.47601318359375
        ],
        "center": [
          695.079833984375,
          199.25064086914062
        ],
        "corners": [
          [
            683.0389404296875,
            91.02526092529297
          ],
          [
            707.1206665039062,
            91.02526092529297
          ],
          [
            707.1206665039062,
            307.47601318359375
          ],
          [
            683.0389404296875,
            307.47601318359375
          ]
        ],
        "confidence": 0.6052173972129822
      }
    ]
  },
  "ball_tracks": {
    